{"cameraMode":{"drawMode":0,"name":"Shaded","section":"Shading Mode"},"sceneLighting":true,"audioPlay":false,"sceneViewState":{"showFog":true,"showMaterialUpdate":false,"showSkybox":true,"showFlares":true,"showImageEffects":true,"showParticleSystems":true,"showVisualEffectGraphs":true,"m_FxEnabled":true},"in2DMode":false,"pivot":{"x":-0.014677871018648148,"y":0.11302615702152252,"z":0.04882000386714935},"rotation":{"x":0.2763007879257202,"y":-0.7077263593673706,"z":0.3620055317878723,"w":0.5401648283004761},"size":0.14641332626342774,"orthographic":false}